scenario,newMachine,machineFailure,storageAlert
5m_1k,65.0,13.0,22.0
5m_2k,61.0,26.0,13.0
5m_3k,67.0,27.0,6.0
5m_4k,73.58490566037736,15.723270440251572,10.69182389937107
3m_1k,55.00000000000001,36.0,9.0
3m_2k,38.0,56.99999999999999,5.0
